,Brand,Name,ID,sku
0,la roche-posay,anthelios mineral tinted ultra light face sunscreen fluid spf 50,xlsimpprod4350455,2246041
1,tula,protect + glow daily sunscreen gel broad spectrum spf 30,pimprod2016249,2562776
2,supergoop!,unseen sunscreen spf 40,pimprod2029930,2589386
3,la roche-posay,anthelios uv correct spf 70 daily face sunscreen with niacinamide,pimprod2030180,2591831
4,la roche-posay,anthelios ultra light fluid face sunscreen spf 60,xlsimpprod3840055,2236416
5,vacation,classic whip spf 30 sunscreen mousse,pimprod2033019,2596247
6,kopari beauty,sunglaze sheer body mist sunscreen spf 42,pimprod2043793,2618935
7,supergoop!,on-the-go spf duo,pimprod2044871,2623031
8,supergoop!,play everyday lotion spf 50 with sunflower extract pa++++,pimprod2030629,2589403
9,la roche-posay,anthelios melt-in milk body & face sunscreen lotion spf 100,pimprod2013150,2559778
10,vacation,orange gelÃ©e spf 30 sunscreen gel,pimprod2044868,2623026
11,la roche-posay,anthelios clear skin dry touch face sunscreen spf 60,xlsimpprod13791275,2301523
12,sun bum,sunscreen spray spf 30,xlsimpprod11281069,2253963
13,sun bum,sunscreen spray spf 50,xlsimpprod11281071,2253987
14,vacation,super spritz spf50 face mist,pimprod2038618,2606383
15,la roche-posay,anthelios uv hydra sunscreen spf 50 with hyaluronic acid,pimprod2043464,2620128
16,la roche-posay,anthelios mineral ultra-light face sunscreen fluid spf 50,xlsimpprod3840051,2236413
17,la roche-posay,anthelios aox daily antioxidant face serum spf 50,xlsimpprod12101063,2285142
18,cerave,hydrating mineral sunscreen face lotion with sheer tint spf 30,pimprod2013299,2559459
19,sun bum,travel size sunscreen lotion spf 30,pimprod2014602,2564527
20,supergoop!,mineral mattescreen spf 40,pimprod2029941,2589388
21,la roche-posay,anthelios melt-in milk body and face sunscreen spf 60,pimprod2018267,2570181
22,e.l.f. cosmetics,suntouchable whoa glow broad spectrum spf 30 sunscreen,pimprod2036596,2605491
23,supergoop!,unseen sunscreen body spf 40 invisible sun protection,pimprod2038031,2606364
24,kopari beauty,sun on the run sunscreen travel kit,pimprod2043796,2618937
25,it cosmetics,hello sunshine invisible sunscreen for face spf 50,pimprod2044384,2623536
26,shiseido,clear sunscreen stick spf 50+,pimprod2022854,2576053
27,good molecules,sheer mineral sunscreen spf 30,pimprod2037436,2606130
28,coola,classic body organic sunscreen spray spf 50,pimprod2012268,2561101
29,sun bum,day tripper,xlsimpprod17761993,2523262
30,supergoop!,play antioxidant body mist spf 50 sunscreen with vitamin c,pimprod2030598,2589800
31,neutrogena,hydro boost hyaluronic acid moisturizer spf 50,pimprod2028420,2587006
32,kopari beauty,rose gold sun shield body glow gel spf 45,pimprod2037855,2605238
33,la roche-posay,anthelios ultra light sunscreen lotion spray spf 60,pimprod2018266,2570213
34,coola,organic classic face sunscreen spf 50,pimprod2003902,2541377
35,sun bum,sunscreen spray spf 70,xlsimpprod13681669,2297566
36,vacation,shake shake spf 50 mineral milk face sunscreen,pimprod2044960,2623029
37,supergoop!,triple prep weightless multitasking moisturizer spf 40 face sunscreen,pimprod2043911,2620576
38,coco & eve,tan boosting anti-aging body oil spf20,pimprod2044325,2623610
39,vacation,instant vacation browning lotion spf30 body sunscreen,pimprod2043686,2620523
40,sun bum,daily 50 body lotion,pimprod2043280,2619925
41,supergoop!,daily essentials spf starter kit,pimprod2036549,2603598
42,e.l.f. cosmetics,suntouchable all set for sun spf 45,pimprod2039944,2611368
43,sun bum,face mist spf 45,pimprod2021621,2575599
44,coola,scalp & hair mist organic sunscreen spf 30,pimprod2012274,2561108
45,vacation,shimmer oil spf 30 sunscreen,pimprod2045400,2623027
46,sun bum,sunscreen lotion spf 50,xlsimpprod11281075,2253986
47,sun bum,sunscreen lotion spf 30,xlsimpprod11281073,2253962
48,live tinted,"hueguard 3-in-1 mineral sunscreen, moisturizer, primer spf 30",pimprod2028585,2588656
49,sun bum,sunscreen lotion spf 50 xl,pimprod2043282,2619926
50,black girl sunscreen,moisturizing sunscreen lotion spf 30,pimprod2021860,2577186
51,vacation,chardonnay spf30 lip oil,pimprod2043687,2620560
52,vacation,classic spray spf 50 sunscreen,pimprod2037342,2606405
53,neutrogena,hydro boost water gel lotion sunscreen spf 50,xlsimpprod17761901,2523379
54,supergoop!,jumbo unseen sunscreen spf 40 limited edition,pimprod2037947,2606363
55,supergoop!,glow stick sunscreen spf 50 pa++++,pimprod2029935,2589383
56,bubble,solar mate daily mineral spf 40,pimprod2040784,2611777
57,vacation,chardonnay oil spf 30 sunscreen,pimprod2037343,2606802
58,kopari beauty,sun shield soft glow daily face spf 30,pimprod2038378,2605239
59,e.l.f. cosmetics,suntouchable invisible sunscreen spf 35,pimprod2039942,2611369
60,kopari beauty,golden amber sun shield body glow sunscreen spf 30,pimprod2043792,2618934
61,la roche-posay,anthelios cooling water lotion sunscreen spf 60,pimprod2032917,2599140
62,coola,piÃ±a colada classic body organic sunscreen spray spf 30,pimprod2012272,2561103
63,neutrogena,ultra sheer lightweight sunscreen spray spf 45,pimprod2032286,2595099
64,coola,makeup setting spray organic sunscreen spf 30,xlsimpprod12131017,2287002
65,tula,protect + glow daily sunscreen gel broad spectrum spf 30,pimprod2016249,2562776
66,supergoop!,unseen sunscreen body spf 40 invisible sun protection,pimprod2038031,2606364
67,la roche-posay,anthelios mineral tinted ultra light face sunscreen fluid spf 50,xlsimpprod4350455,2246041
68,la roche-posay,anthelios body and face soft finish mineral sunscreen lotion spf 50,pimprod2003396,2620364
69,supergoop!,travel size play everyday lotion spf 50,pimprod2044740,2624564
70,sun bum,sunscreen lotion spf 70,xlsimpprod11281077,2267349
71,la roche-posay,anthelios uv correct spf 70 daily face sunscreen with niacinamide,pimprod2030180,2591831
72,la roche-posay,anthelios kids gentle sunscreen face and body lotion spf 50,pimprod2037033,2608258
73,neutrogena,purescreen+ tinted mineral sunscreen,pimprod2037357,2606100
74,vacation,classic lotion spf 50 sunscreen,pimprod2037341,2606406
75,bali body,hydrating natural watermelon tanning oil spf15,pimprod2043239,2619272
76,vacation,studio tone spf 50 bronzing drops for face,pimprod2044961,2623028
77,sun bum,sunscreen spray spf 15,xlsimpprod5080045,2253935
78,clinique,superdefense city block broad spectrum spf 50 daily energy + face protector primer,pimprod2014019,2560146
79,supergoop!,on-the-go spf duo,pimprod2044871,2623031
80,drunk elephant,umbra mineral cream spf 30 tinted face sunscreen,pimprod2045266,2622999
81,la roche-posay,anthelios uv hydra sunscreen spf 50 with hyaluronic acid,pimprod2043464,2620128
82,vacation,classic spray spf 30 sunscreen,pimprod2032500,2595586
83,supergoop!,daily spf starter set for face and body,pimprod2044980,2624465
84,vacation,super stick spf 45 face stick sunscreen,pimprod2044959,2623030
85,coola,classic body organic sunscreen spray spf 30 tropical coconut,pimprod2030786,2592674
86,blue lizard australian sunscreen,sensitive mineral sunscreen lotion spf 50+,pimprod2043682,2621976
87,supergoop!,unseen sunscreen spf 40,pimprod2029930,2589386
88,kiehl's since 1851,better screen uv serum sunscreen spf 50+,pimprod2042679,2617292
89,blue lizard australian sunscreen,sensitive mineral sunscreen spray spf 50+,pimprod2043671,2621975
90,kinship,self reflect probiotic moisturizing sunscreen spf 32,pimprod2017785,2569946
91,la roche-posay,anthelios aox daily antioxidant face serum spf 50,xlsimpprod12101063,2285142
92,neutrogena,clear face oil-free sunscreen spf 50,pimprod2021433,2576185
93,avÃ¨ne,mineral tinted compact spf 50,pimprod2020808,2577170
94,coola,dew good illuminating serum sunscreen with probiotic technology spf 30,pimprod2030633,2591991
95,supergoop!,play everyday lotion spf 50 with sunflower extract pa++++,pimprod2030629,2589403
96,supergoop!,play everyday lotion spf 50 with sunflower extract pa++++,pimprod2029934,2589381
97,kopari beauty,travel size sun shield body glow gel spf 50,pimprod2042965,2619700
98,coola,travel size classic body organic sunscreen spray spf 50,pimprod2012273,2561106
99,shiseido,clear sunscreen stick spf 50+,pimprod2022854,2576053
100,coola,peach blossom classic body organic sunscreen spray spf 70,pimprod2012875,2561100
101,cerave,hydrating sheer sunscreen face and body lotion with spf 30,pimprod2036753,2606576
102,dime,tinted glow wonderscreen spf 30,pimprod2043028,2621467
103,good molecules,sheer mineral sunscreen spf 30,pimprod2037436,2606130
104,supergoop!,glow oil spf 50 dry body oil sunscreen,pimprod2042888,2617634
105,vacation,spf 30 baby oil,pimprod2038616,2596248
106,neutrogena,ultra sheer face serum spf 60+,pimprod2030654,2592306
107,hero cosmetics,force shield superlight sunscreen broad spectrum spf 30,pimprod2030344,2591983
108,bubble,plus one tinted daily mineral sunscreen broad spectrum spf 40,pimprod2041039,2616745
109,kopari beauty,sun shield on-the-glow sheer stick sunscreen spf 40,pimprod2043794,2618936
110,coola,classic body organic sunscreen lotion spf 50 fragrance free,pimprod2030631,2591975
111,coola,classic face sunscreen mist spf 50,pimprod2030632,2591973
112,murad,multi-vitamin clear coat spf 50,pimprod2044297,2622108
113,sun bum,kids spf 50 face stick,pimprod2036901,2606182
114,supergoop!,every. single. face. watery lotion spf 50,pimprod2032491,2595519
115,supergoop!,mini glow oil spf 50 dry body oil sunscreen,pimprod2042889,2617633
116,sun bum,sun bum tanning oil spf 15,xlsimpprod15721133,2503663
117,supergoop!,superscreen rich hydrating cream spf 40 moisturizer,pimprod2042770,2617635
118,kopari beauty,sun shield body glow gel spf 50,pimprod2030935,2592141
119,cerave,hydrating mineral sunscreen lotion for face spf 50 for all skin types,pimprod2003660,2540955
120,shiseido,urban environment oil-free sunscreen broad-spectrum spf 42,pimprod2030941,2592485
121,supergoop!,play antioxidant body sunscreen mist with vitamin c spf 30,pimprod2030600,2589801
122,coola,organic suncare travel set,xlsimpprod12131011,2286995
123,live tinted,hueguard invisible sunscreen stick spf 50,pimprod2039105,2609979
124,vacation,classic lotion spf 30 sunscreen,pimprod2032164,2595585
125,coola,guava mango classic body organic sunscreen lotion spf 50,xlsimpprod12131013,2287000
126,blue lizard australian sunscreen,sensitive mineral sunscreen stick spf 50+,pimprod2043670,2621974
127,sun bum,mini sunscreen spray spf 50,pimprod2044627,2625243
128,sun bum,mineral sunscreen face tint spf 30,xlsimpprod18321079,2527355
129,supergoop!,mineral sheer stick spf 30 mineral sunscreen,pimprod2043901,2620894
130,dune suncare,the bod guard invisible gel spf 30,pimprod2039103,2609031
131,cetaphil,daily oil free facial moisturizer spf 35,pimprod2028657,2586964
132,supergoop!,play everyday lotion spf 30 with sunflower extract pa++++,pimprod2030630,2589405
133,neutrogena,invisible daily defense lotion spf 60+,pimprod2019316,2573916
134,coola,travel size piÃ±a colada classic body organic sunscreen spray spf 30,pimprod2012271,2561104
135,black girl sunscreen,kids moisturizing broad spectrum spf 50,pimprod2038237,2609781
136,shiseido,urban environment vita-clear sunscreen spf 42,pimprod2039504,2612331
137,tula,mineral magic oil- free mineral sunscreen fluid broad spectrum spf 30,pimprod2025972,2584410
138,blue lizard australian sunscreen,sheer mineral sunscreen lotion for face spf 50+,pimprod2043669,2621977
139,sun bum,daily 50 face gel,pimprod2043277,2619923
140,sun bum,face lotion spf 50,xlsimpprod17761991,2523259
141,beekman 1802,milk primer spf 35 3-in-1 daily defense sunscreen & makeup perfecter,pimprod2024957,2577634
142,sun bum,mini original spf 45 sunscreen face mist,pimprod2044628,2625244
143,supergoop!,play lip balm spf 30,pimprod2043481,2620424
144,supergoop!,unseen sunscreen stick spf 40 invisible sun protection,pimprod2043900,2620575
145,neutrogena,age shield face oil-free sunscreen spf 70,xlsimpprod640120,2154550
146,blue lizard australian sunscreen,sheer body lotion spf 50+,pimprod2043668,2621972
147,bliss,block star mineral daily sunscreen,pimprod2027018,2584854
148,clinique,broad spectrum spf 50 mineral sunscreen fluid for face,xlsimpprod14171057,2303847
149,dermalogica,porescreen spf 40 mineral sunscreen with niacinamide,pimprod2039130,2609623
150,black girl sunscreen,make it glow continuous spray spf30,pimprod2032832,2597427
151,coola,classic face organic sunscreen lotion spf 30 - cucumber,xlsimpprod6480194,2272546
152,hero cosmetics,force shield superbeam sunscreen apricot spf 30,pimprod2036749,2605374
153,black girl sunscreen,make it matte sunscreen - spf 45,pimprod2030390,2592310
154,supergoop!,mineral sheerscreen spf 30,pimprod2029938,2589387
155,shiseido,ultimate sun protector spray spf 40,pimprod2043994,2622107
156,shiseido,ultimate sun protection lotion broad spectrum spf 50+ wetforce,xlsimpprod14351097,2305988
157,cerave,hydrating mineral sunscreen lotion for body spf 30 for all skin types,pimprod2003658,2540956
158,la roche-posay,anthelios spf 30 cooling water lotion sunscreen,pimprod2043471,2620125
159,supergoop!,on-the-go spf duo,pimprod2044871,2623031
160,kopari beauty,bright as day sheer mineral sunscreen spf 50,pimprod2045118,2623888
161,sun bum,mineral sunscreen lip balm spf 30,xlsimpprod18321081,2527356
162,clarins,uv plus anti-pollution antioxidant face sunscreen spf 50,pimprod2043925,2620935
163,kate somerville,uncomplikated spf soft focus makeup setting spray broad spectrum spf 50 sunscreen,xlsimpprod18731179,2531116
164,sun bum,sunscreen lotion spf 15,xlsimpprod5080043,2253934
165,coola,peach blossom classic body sunscreen spf 70,pimprod2021651,2575596
166,dune suncare,the mug guard broad spectrum spf 30,pimprod2039109,2608975
167,cocokind,daily spf 32 mineral facial sunscreen,pimprod2024049,2582487
168,olehenriksen,banana bright mineral face sunscreen spf 30,pimprod2042274,2617219
169,dermalogica,clear start clearing defense moisturizer spf 30,pimprod2006536,2547226
170,black girl sunscreen,make it hybrid broad spectrum spf 50,pimprod2036754,2606302
171,undefined beauty,r&r broad spectrum spf 50 sun serum,pimprod2035000,2616920
172,peter thomas roth,max mineral tinted sunscreen broad spectrum spf 45,pimprod2024035,2579755
173,murad,correct & protect broad spectrum spf 45| pa++++,pimprod2031643,2592791
174,pacifica,vegan collagen every day lotion spf 30,pimprod2017151,2566493
175,shiseido,travel size ultimate sun protector lotion spf 60+,pimprod2043992,2622105
176,coola,fragrance-free mineral body sunscreen lotion spf 50,pimprod2003905,2541372
177,chanel,uv essentiel complete uv protection sunscreen antioxidant broad spectrum spf 50,pimprod2039894,2611400
178,dune suncare,the sporto spray broad spectrum spf 50,pimprod2039170,2609180
179,avÃ¨ne,mineral sunscreen stick spf 50,pimprod2045140,2625870
180,sun bum,original glow spf 30 sunscreen lotion,pimprod2030636,2592174
181,sun bum,daily 50 face lotion,pimprod2043279,2619924
182,cetaphil,healthy renew purified peptides broad spectrum spf 30 day cream,pimprod2041297,2611322
183,kate somerville,hydrakate illuminating spf 50+ drops,pimprod2044974,2625521
184,ulta beauty collection,facial setting spray sunscreen spf 50,pimprod2023995,2572080
185,supergoop!,play 100% mineral sunscreen stick spf 50,pimprod2037486,2606310
186,sun bum,mineral continuous sunscreen spray spf 30,xlsimpprod18321073,2527352
187,coola,full spectrum 360Â° refreshing water mist sunscreen spf 18,pimprod2012876,2561098
188,neutrogena,"sport face oil-free lotion sunscreen, spf 70+",pimprod2032290,2595050
189,coola,refreshing water plumping gel serum sunscreen spf 30,pimprod2043266,2620583
190,cerave,hydrating mineral sunscreen lotion for body spf 50 for all skin types,pimprod2003659,2540957
191,dermalogica,invisible physical defense sunscreen spf 30,pimprod2014440,2560948
192,coola,zinc oxide liplux sunscreen trio,pimprod2013049,2562546
193,coola,classic body organic sunscreen lotion spf 30 - piÃ±a colada,pimprod2012266,2561099
194,clinique,broad spectrum spf 30 sunscreen oil-free face cream,xlsimpprod16101067,2508510
195,first aid beauty,weightless liquid mineral sunscreen with zinc oxide spf 30,pimprod2039377,2608375
196,beekman 1802,hello sunshine spf 50 pa ++++,pimprod2045017,2624005
197,kinship,self reflect sport sunscreen spf 60,pimprod2031257,2593029
198,mad hippie,sheer tint sun serum,pimprod2030864,2592481
199,mad hippie,daily protective serum spf 30+,pimprod2025055,2581556
200,coola,clear skin oil-free moisturizer zinc oxide sunscreen spf 30,pimprod2043265,2620330
201,strivectin,advanced retinol daily repair moisturizer broad spectrum spf 30,pimprod2030923,2591236
202,peter thomas roth,max clear invisible priming sunscreen broad spectrum spf 45,pimprod2029956,2579753
203,l'orÃ©al,bright reveal broad spectrum spf 50 daily uv,pimprod2040389,2613666
204,live tinted,hyperpigmentation essentials glow up set,pimprod2039104,2609978
205,mad hippie,hydrating facial spf 25+,pimprod2025059,2581557
206,zitsticka,megashade breakout-proof spf 50 serum,pimprod2025207,2584617
207,vichy,liftactiv peptide-c face sunscreen spf 30,pimprod2013305,2559388
208,kopari beauty,antioxidant face shield mineral spf 30,pimprod2031646,2594644
209,vichy,capital soleil tinted face mineral sunscreen spf 60,pimprod2013306,2559390
210,first aid beauty,mineral sunscreen zinc oxide broad spectrum spf 30,pimprod2032660,2593738
211,kiehl's since 1851,super fluid daily uv defense spf 50+,pimprod2002969,2536726
212,clinique,broad spectrum spf 50 sunscreen body cream,pimprod2037471,2604492
213,australian gold,botanical tinted face sunscreen spf 50,pimprod2012275,2615515
214,dime,wonderscreen broad spectrum spf 30,pimprod2035158,2603227
215,black girl sunscreen,kids spray & play spf 50 sunscreen,pimprod2038242,2609780
216,avÃ¨ne,mineral sunscreen broad spectrum spf 50 face and body lotion,pimprod2039988,2611198
217,bliss,block star sheer liquid daily sunscreen spf 50,pimprod2038458,2607974
218,mad hippie,luminizing facial spf 29,pimprod2030862,2592480
219,hempz,sweet pineapple & honey melon herbal body sunscreen spf 50,pimprod2044324,2621607
220,sun bum,kids spf 50 clear sunscreen lotion,pimprod2036900,2606181
221,coco & eve,body sunscreen spf50+,pimprod2042877,2621645
222,dune suncare,the mineral melt broad spectrum spf 30,pimprod2039397,2609322
223,dune suncare,the jetsetter 3 piece gelly pack,pimprod2039107,2609159
224,sun bum,mineral sunscreen lotion spf 50,xlsimpprod18321077,2527353
225,pacifica,glow baby super lit spf 30 face lotion - uva/uvb mineral sunscreen,pimprod2036803,2605501
226,supergoop!,travel size play everyday lotion spf 30 with sunflower extract pa++++,pimprod2030601,2589406
227,earth harbor,eclipse sheer mineral sunscreen spf 30,pimprod2037346,2606106
228,juice beauty,spf 30 sport sunscreen,xlsimpprod5310315,2260018
229,supergoop!,play body mousse spf 50,pimprod2042925,2621294
230,aveeno,calm + restore daily moisturizer mineral sunscreen with broad spectrum spf 30,pimprod2041300,2615484
231,shiseido,urban environment fresh-moisture sunscreen broad-spectrum spf 42,pimprod2030944,2592487
232,supergoop!,play 100% mineral lotion spf 30 with green algae,pimprod2037484,2606308
233,derma e,scar cream sun protectant spf 35,pimprod2017315,2569862
234,shiseido,ultimate sun protector lotion spf 60+,pimprod2045899,2620952
235,buttah skin,tinted mineral sunscreen spf 30,pimprod2029216,2590116
236,shiseido,urban environment oil-free mineral sunscreen spf 42,pimprod2038381,2606930
237,hempz,sweet pineapple & honey melon herbal body sunscreen spf 30,pimprod2044316,2621606
238,derma e,vitamin c broad spectrum spf 45 weightless moisturizer,pimprod2017307,2569861
239,strivectin,anti-wrinkle glowfector spf 30,pimprod2036307,2603503
240,sun bum,mineral lotion spf 30,pimprod2021610,2575600
241,cotz,mineral sun stick spf 45,pimprod2036814,2606141
242,ulta beauty collection,mineral sunscreen lotion spf 50,pimprod2003870,2536168
243,supergoop!,zincscreen 100% mineral lotion spf 40,pimprod2042924,2621275
244,avÃ¨ne,hydrance+ moisturizing sunscreen lotion spf 30,pimprod2043842,2620352
245,proactiv,clear skin spf 30 face sunscreen,pimprod2033282,2595005
246,beautystat cosmetics,universal c skin refiner 20% vitamin c serum + spf 50 mineral sunscreen,pimprod2037772,2604198
247,peter thomas roth,max vitamin d-fense sunscreen serum broad spectrum spf 50,pimprod2037937,2606105
248,peter thomas roth,max matte shine control sunscreen broad spectrum spf 45,pimprod2023948,2579754
249,dr. brandt,bright this way liquid sun shield spf 50,pimprod2039665,2613316
250,supergoop!,play 100% mineral lotion spf 50 with green algae,pimprod2037485,2606309
251,mario badescu,mineral sunscreen spf 30,pimprod2032183,2594658
252,undefined beauty,r&r sun elixir spf 30 glow oil,pimprod2045033,2626500
253,undefined beauty,r&r sun crÃ¨me spf 50 moisturizer,pimprod2040636,2615857
254,pacifica,kind tint spf 30 tinted serum - broad spectrum mineral sunscreen,pimprod2037577,2604656
255,andalou naturals,deep hydration daily shade + blue light defense spf 30,pimprod2038704,2609916
